mianownik,odmieniony
Trzaskowski,Trzaskowski
Trzaskowski,Trzaskowskiego
Trzaskowski,Trzaskowskiemu
Trzaskowski,Trzaskowskim
Trzaskowski,trzaskowski
Trzaskowski,trzaskowskiego
Trzaskowski,trzaskowskiemu
Trzaskowski,trzaskowskim
Nawrocki,Nawrocki
Nawrocki,Nawrockiego
Nawrocki,Nawrockiemu
Nawrocki,Nawrockiemu
Nawrocki,Nawrockim
Nawrocki,nawrocki
Nawrocki,nawrockiego
Nawrocki,nawrockiemu
Nawrocki,nawrockiemu
Nawrocki,nawrockim
Mentzen,Mentzen
Mentzen,Mentzena
Mentzen,Mentzenowi
Mentzen,Mentzenem
Mentzen,Mentzenie
Mentzen,mentzen
Mentzen,mentzena
Mentzen,mentzenowi
Mentzen,mentzenem
Mentzen,mentzenie
Hołownia,Hołownia
Hołownia,Holownia
Hołownia,Hołowni
Hołownia,Holowni
Hołownia,Hołownię
Hołownia,Holownie
Hołownia,Hołownią
Hołownia,hołownia
Hołownia,holownia
Hołownia,hołowni
Hołownia,holowni
Hołownia,hołownię
Hołownia,holownie
Hołownia,hołownią
Biejat,Biejat
Biejat,biejat
Zandberg,Zandberg
Zandberg,Zandberga
Zandberg,Zandbergowi
Zandberg,Zandbergiem
Zandberg,Zandbergu
Zandberg,zandberg
Zandberg,zandberga
Zandberg,zandbergowi
Zandberg,zandbergiem
Zandberg,zandbergu
Braun,Braun
Braun,Brauna
Braun,Braunowi
Braun,Braunem
Braun,Braunie
Braun,braun
Braun,brauna
Braun,braunowi
Braun,braunem
Braun,braunie
Stanowski,Stanowski
Stanowski,Stanowskiego
Stanowski,Stanowskiemu
Stanowski,Stanowskim
Stanowski,stanowski
Stanowski,stanowskiego
Stanowski,stanowskiemu
Stanowski,stanowskim
Senyszyn,Senyszyn
Senyszyn,senyszyn
Jakubiak,Jakubiak
Jakubiak,Jakubiaka
Jakubiak,Jakubiakowi
Jakubiak,Jakubiakiem
Jakubiak,Jakubiaku
Jakubiak,jakubiak
Jakubiak,jakubiaka
Jakubiak,jakubiakowi
Jakubiak,jakubiakiem
Jakubiak,jakubiaku
Bartoszewicz,Bartoszewicz
Bartoszewicz,Bartoszewicza
BartoszewiczBartoszewiczowi
Bartoszewicz,Bartoszewiczem
Bartoszewicz,Bartoszewiczu
Bartoszewicz,bartoszewicz
Bartoszewicz,bartoszewicza
Bartoszewicz,bartoszewiczowi
Bartoszewicz,bartoszewiczem
Bartoszewicz,bartoszewiczu
Woch,Woch
Woch,Wocha
Woch,Wochowi
Woch,Wochem
Woch,Wochu
Woch,woch
Woch,wocha
Woch,wochowi
Woch,wochem
Woch,wochu
Maciak,Maciak
Maciak,Maciaka
Maciak,Maciakowi
Maciak,Maciakiem
Maciak,Maciaku
Maciak,maciak
Maciak,maciaka
Maciak,maciakowi
Maciak,maciakiem
Maciak,maciaku